"title","film_id","rating","count_of_films","count_of_movies","amount_made"
"Pajama Jawbreaker",652,"R","14","14","39.86"
"Effect Gladiator",273,"PG","21","21","40.79"
"Balloon Homeward",51,"NC-17","22","22","91.78"
"Voyage Legally",951,"PG-13","25","25","42.75"
"Stallion Sundance",839,"PG-13","6","6","7.94"
"Bikini Borrowers",70,"NC-17","14","14","79.86"
"Garden Island",350,"G","18","18","134.82"
"Luck Opus",539,"NC-17","7","7","21.93"
"Saints Bride",758,"G","8","8","31.92"
"Elf Murder",278,"NC-17","6","6","34.94"
"Virtual Spoilers",946,"NC-17","13","13","105.87"
"Congeniality Quest",176,"PG-13","19","19","31.81"
"Mighty Luck",576,"PG","10","10","31.90"
"Excitement Eve",292,"G","20","20","61.80"
"Usual Untouchables",929,"PG-13","12","12","65.88"
"Patient Sister",663,"NC-17","18","18","21.82"
"Scissorhands Slums",770,"G","12","12","42.88"
"Amistad Midsummer",22,"G","21","21","70.79"
"Easy Gladiator",271,"G","20","20","132.80"
"Hills Neighbors",417,"G","21","21","58.79"
"Saturday Lambs",764,"G","26","26","190.74"
"Maltese Hope",556,"PG-13","21","21","118.79"
"Lonely Elephant",529,"G","13","13","65.87"
"Operation Operation",638,"G","25","25","80.75"
"Seattle Expecations",775,"PG-13","19","19","125.80"
"Show Lord",791,"PG-13","22","22","145.78"
"Victory Academy",940,"PG-13","9","9","12.91"
"Confessions Maguire",173,"PG-13","13","13","70.87"
"Guys Falcon",390,"R","8","8","52.92"
"Artist Coldblooded",42,"NC-17","14","14","59.86"
"Creatures Shakespeare",189,"NC-17","16","16","56.84"
"Tarzan Videotape",876,"PG-13","8","8","40.92"
"Clue Grail",161,"NC-17","7","7","40.93"
"California Birds",113,"NC-17","11","11","73.89"
"Nuts Ties",632,"NC-17","9","9","53.91"
"Paris Weekend",658,"PG-13","12","12","40.88"
"Caribbean Liberty",120,"NC-17","8","8","66.92"
"Million Ace",578,"PG-13","17","17","103.83"
"President Bang",695,"PG","6","6","35.94"
"Snatchers Montezuma",815,"PG-13","9","9","37.91"
"Hunger Roof",440,"G","12","12","19.88"
"Side Ark",794,"G","12","12","29.88"
"Basic Easy",57,"PG-13","20","20","87.80"
"Amadeus Holy",19,"PG","20","20","32.80"
"Club Graffiti",160,"PG-13","17","17","38.82"
"Oscar Gold",644,"PG","25","25","83.75"
"Spartacus Cheaper",824,"NC-17","9","9","60.91"
"Lambs Cincinatti",508,"PG-13","10","10","57.90"
"Gilbert Pelican",357,"G","9","9","17.91"
"School Jacket",769,"PG-13","6","6","35.94"
"Dynamite Tarzan",266,"PG-13","23","23","60.77"
"Finding Anaconda",315,"R","10","10","26.90"
"Goldfinger Sensibility",366,"G","21","21","67.79"
"Fellowship Autumn",307,"NC-17","24","24","137.76"
"Star Operation",841,"PG","20","20","83.80"
"Bound Cheaper",91,"PG","24","24","50.76"
"Slacker Liaisons",803,"R","16","16","86.84"
"Fatal Haunted",305,"PG","23","23","92.77"
"Banger Pinocchio",54,"R","20","20","40.80"
"Contact Anonymous",181,"PG-13","24","24","78.76"
"Room Roman",743,"PG","18","18","27.82"
"Aladdin Calendar",10,"NC-17","23","23","131.77"
"Arachnophobia Rollercoaster",35,"PG-13","23","23","109.77"
"Watch Tracy",963,"PG","15","15","33.85"
"Deer Virginian",220,"NC-17","25","25","78.76"
"Soup Wisdom",822,"R","7","7","11.93"
"South Wait",823,"R","21","21","102.79"
"Hardly Robbers",400,"R","4","4","15.96"
"Confused Candles",175,"PG-13","16","16","99.84"
"Donnie Alley",241,"NC-17","13","13","34.87"
"Moonshine Cabin",596,"PG-13","20","20","131.80"
"English Bulworth",285,"PG-13","26","26","99.74"
"Baked Cleopatra",50,"G","15","15","76.85"
"Ali Forever",13,"PG","9","9","54.91"
"Half Outfield",391,"PG-13","22","22","73.79"
"Jingle Sagebrush",487,"PG-13","11","11","59.89"
"Ace Goldfinger",2,"G","7","7","52.93"
"Private Drop",699,"PG","5","5","26.95"
"Doubtfire Labyrinth",246,"R","9","9","52.91"
"Bird Independence",75,"G","9","9","53.91"
"Random Go",714,"NC-17","9","9","31.91"
"Fury Murder",344,"PG-13","17","17","58.83"
"Tramp Others",906,"PG","18","18","40.82"
"Roses Treasure",745,"PG-13","23","23","137.77"
"Circus Youth",152,"PG-13","14","14","53.86"
"Louisiana Harry",534,"PG-13","16","16","28.84"
"Homicide Peach",428,"PG-13","18","18","59.82"
"Ghostbusters Elf",355,"R","7","7","8.93"
"Open African",637,"PG","19","19","103.81"
"Roxanne Rebel",747,"R","17","17","29.83"
"Desert Poseidon",222,"R","19","19","118.81"
"Secretary Rouge",777,"PG","18","18","112.82"
"Coast Rainbow",164,"PG","18","18","37.82"
"Image Princess",453,"PG-13","14","14","76.86"
"Undefeated Dalmations",922,"PG-13","19","19","102.81"
"Shining Roses",787,"G","8","8","22.92"
"Craft Outfield",186,"NC-17","14","14","18.86"
"Kissing Dolls",501,"R","17","17","120.83"
"Run Pacific",750,"R","9","9","42.91"
"Control Anthem",182,"G","6","6","31.94"
"Madness Attacks",545,"PG-13","23","23","65.77"
"Alter Victory",18,"PG-13","20","20","30.80"
"Window Side",977,"R","11","11","50.89"
"Lolita World",528,"NC-17","9","9","45.91"
"Anonymous Human",27,"NC-17","13","13","17.87"
"Smile Earring",811,"G","10","10","58.90"
"Chill Luck",143,"PG","21","21","29.79"
"Massacre Usual",563,"R","25","25","149.75"
"Kick Savannah",496,"PG-13","17","17","48.83"
"Beach Heartbreakers",58,"G","14","14","55.86"
"Detective Vision",228,"PG-13","24","24","62.76"
"Peach Innocent",667,"PG-13","13","13","80.86"
"Snatch Slipper",814,"PG","20","20","117.80"
"Peak Forever",668,"PG","18","18","94.82"
"Expecations Natural",294,"PG-13","17","17","101.83"
"Story Side",850,"R","26","26","35.74"
"Jekyll Frogmen",481,"PG","16","16","78.84"
"Untouchables Sunrise",926,"NC-17","7","7","28.93"
"Others Soup",645,"PG","20","20","70.80"
"Human Graffiti",438,"NC-17","15","15","80.85"
"Grit Clockwork",382,"PG","28","28","97.72"
"Drums Dynamite",258,"PG","13","13","24.87"
"Stranger Strangers",853,"G","10","10","65.90"
"Greatest North",378,"NC-17","27","27","103.73"
"Jericho Mulan",483,"NC-17","16","16","95.84"
"Boiled Dares",84,"PG","13","13","66.87"
"Simon North",799,"NC-17","6","6","18.94"
"Element Freddy",276,"NC-17","10","10","56.90"
"Outbreak Divine",646,"NC-17","18","18","31.82"
"Greedy Roots",379,"R","13","13","14.87"
"Flamingos Connecticut",320,"PG-13","22","22","134.78"
"Vietnam Smoochy",942,"PG-13","14","14","21.86"
"Campus Remember",115,"R","17","17","81.83"
"Bride Intrigue",97,"G","18","18","20.82"
"Bear Graceland",59,"R","19","19","93.81"
"Modern Dorado",589,"PG","12","12","42.88"
"Cat Coneheads",127,"G","27","27","159.73"
"Mallrats United",555,"PG","22","22","70.78"
"Forrest Sons",329,"R","17","17","83.83"
"Meet Chocolate",567,"G","11","11","56.89"
"Pittsburgh Hunchback",682,"PG-13","11","11","83.89"
"Attacks Hate",44,"PG-13","16","16","101.84"
"Snowman Rollercoaster",816,"G","21","21","65.79"
"Citizen Shrek",153,"G","13","13","21.87"
"Philadelphia Wife",676,"PG-13","21","21","107.80"
"Secrets Paradise",778,"G","18","18","139.82"
"Ladybugs Armageddon",507,"NC-17","6","6","17.94"
"Virgin Daisy",944,"PG-13","16","16","86.84"
"Daughter Madigan",214,"PG-13","9","9","69.91"
"Stock Glass",847,"PG","13","13","42.87"
"Patriot Roman",664,"PG","15","15","52.85"
"Maiden Home",551,"PG","22","22","152.78"
"Loser Hustler",532,"PG","14","14","83.86"
"Virginian Pluto",945,"R","25","25","47.75"
"Voice Peach",948,"PG-13","17","17","31.83"
"Breakfast Goldfinger",95,"G","16","16","104.84"
"Duck Racer",259,"NC-17","5","5","20.95"
"Liberty Magnificent",519,"G","11","11","67.89"
"Watership Frontier",965,"G","6","6","13.94"
"Coneheads Smoochy",172,"NC-17","24","24","131.76"
"Heartbreakers Bright",409,"G","20","20","132.80"
"Stampede Disturbing",840,"R","14","14","32.86"
"Anything Savannah",30,"R","8","8","43.92"
"Lies Treatment",521,"NC-17","24","24","131.76"
"Adaptation Holes",3,"NC-17","11","11","34.89"
"Vanishing Rocky",936,"NC-17","17","17","80.83"
"Flintstones Happiness",324,"PG-13","17","17","134.83"
"Wolves Desire",981,"NC-17","21","21","24.79"
"Uncut Suicides",921,"PG-13","13","13","42.87"
"Dracula Crystal",249,"G","19","19","22.81"
"Driving Polish",255,"NC-17","19","19","105.81"
"Darkness War",209,"NC-17","12","12","45.88"
"Express Lonely",296,"R","12","12","42.88"
"Wonderful Drop",984,"NC-17","8","8","46.92"
"Opposite Necklace",639,"PG","11","11","56.89"
"Birch Antitrust",74,"PG","11","11","74.89"
"Varsity Trip",937,"NC-17","16","16","48.84"
"Arabia Dogma",34,"NC-17","12","12","21.88"
"Chariots Conspiracy",138,"R","19","19","65.81"
"Superfly Trip",868,"PG","9","9","16.91"
"Hobbit Alien",418,"PG-13","26","26","68.74"
"Vision Torque",947,"PG-13","6","6","11.94"
"Wisdom Worker",978,"R","9","9","29.91"
"Whisperer Giant",972,"PG-13","20","20","141.80"
"Santa Paris",761,"PG","10","10","29.90"
"Hawk Chill",407,"PG-13","6","6","12.94"
"Boulevard Mob",90,"R","16","16","56.84"
"Train Bunch",904,"R","4","4","24.96"
"Gun Bonnie",387,"G","21","21","30.79"
"Hurricane Affair",443,"PG","23","23","82.77"
"Armageddon Lost",39,"G","20","20","41.80"
"Pond Seattle",690,"PG-13","18","18","61.82"
"Lock Rear",526,"R","14","14","42.86"
"Halloween Nuts",393,"PG-13","8","8","29.92"
"Lion Uncut",524,"PG","17","17","33.83"
"Fiddler Lost",312,"R","10","10","64.90"
"Killer Innocent",498,"R","6","6","21.94"
"Summer Scarface",862,"G","14","14","32.86"
"Iron Moon",469,"PG","10","10","50.90"
"Karate Moon",494,"PG-13","20","20","51.80"
"Pity Bound",683,"NC-17","23","23","138.77"
"Canyon Stock",118,"R","19","19","27.81"
"Shrunk Divine",793,"R","13","13","46.87"
"Fireball Philadelphia",317,"PG","19","19","57.81"
"Murder Antitrust",608,"PG","21","21","78.79"
"Pulp Beverly",702,"G","26","26","121.74"
"Joon Northwest",488,"NC-17","16","16","37.84"
"Casualties Encino",126,"G","8","8","61.92"
"Crow Grease",194,"PG","11","11","14.89"
"Glass Dying",360,"G","12","12","35.88"
"Instinct Airport",463,"PG","17","17","69.83"
"Bringing Hysterical",99,"PG","19","19","68.81"
"Jason Trap",476,"NC-17","23","23","97.77"
"Tequila Past",883,"PG","6","6","32.94"
"Notorious Reunion",629,"NC-17","13","13","24.87"
"Reservoir Adaptation",726,"PG-13","9","9","29.91"
"Graffiti Love",374,"PG","26","26","67.74"
"Desperate Trainspotting",224,"G","6","6","31.94"
"Records Zorro",719,"PG","7","7","38.93"
"Saddle Antitrust",756,"PG-13","11","11","32.89"
"Vampire Whale",933,"NC-17","11","11","69.89"
"Outfield Massacre",647,"NC-17","18","18","54.82"
"Ghost Groundhog",354,"G","19","19","107.81"
"Hunting Musketeers",442,"NC-17","12","12","40.88"
"Monterey Labyrinth",593,"G","11","11","19.89"
"Alaska Phantom",12,"PG","23","23","37.77"
"Jedi Beneath",479,"PG","18","18","20.82"
"Exorcist Sting",293,"G","12","12","49.88"
"Clash Freddy",154,"G","23","23","77.77"
"Paradise Sabrina",657,"PG-13","18","18","79.82"
"Disturbing Scarface",234,"R","23","23","77.77"
"Jade Bunch",474,"NC-17","15","15","53.85"
"Towers Hurricane",899,"NC-17","9","9","10.91"
"Vanished Garden",935,"R","7","7","14.94"
"Phantom Glory",675,"NC-17","6","6","21.94"
"Rugrats Shakespeare",748,"PG-13","28","28","67.72"
"Pride Alamo",696,"NC-17","15","15","17.85"
"West Lion",969,"G","14","14","92.86"
"Dwarfs Alter",264,"G","8","8","28.92"
"Earth Vision",270,"NC-17","23","23","34.77"
"Hotel Happiness",435,"PG-13","8","8","41.92"
"Tourist Pelican",898,"PG-13","19","19","126.81"
"Grosse Wonderful",384,"R","8","8","46.92"
"Gaslight Crusade",351,"PG","16","16","62.84"
"Candidate Perdition",116,"R","17","17","88.82"
"Westward Seabiscuit",970,"NC-17","25","25","36.75"
"Rings Heartbreakers",732,"G","13","13","31.87"
"Stage World",837,"PG","10","10","46.90"
"Speed Suit",826,"PG-13","8","8","44.92"
"Hoosiers Birdcage",431,"G","8","8","41.92"
"Jumping Wrath",491,"NC-17","21","21","67.79"
"Trip Newton",911,"PG-13","26","26","135.74"
"Insider Arizona",462,"NC-17","17","17","61.83"
"Road Roxanne",734,"R","17","17","115.83"
"Streak Ridgemont",855,"PG-13","13","13","17.87"
"Hours Rage",436,"NC-17","18","18","44.82"
"Conspiracy Spirit",180,"PG-13","5","5","16.95"
"Swarm Gold",870,"PG-13","23","23","64.77"
"Weekend Personal",967,"R","17","17","71.83"
"Noon Papi",626,"G","15","15","60.85"
"Durham Panky",263,"R","24","24","132.76"
"Squad Fish",836,"PG","7","7","27.93"
"Shanghai Tycoon",784,"PG","14","14","43.86"
"Ishtar Rocketeer",470,"R","6","6","42.94"
"Raging Airplane",711,"R","12","12","77.88"
"Sensibility Rear",780,"PG","10","10","52.90"
"Scarface Bang",768,"PG-13","16","16","106.84"
"Stagecoach Armageddon",838,"R","23","23","138.77"
"Jaws Harry",478,"G","13","13","59.87"
"Christmas Moonshine",149,"NC-17","19","19","26.81"
"Mile Mulan",577,"PG","11","11","33.89"
"Labyrinth League",505,"PG-13","13","13","41.87"
"Empire Malkovich",280,"G","19","19","26.81"
"Born Spinal",88,"PG","12","12","59.88"
"Crazy Home",188,"PG","9","9","26.91"
"Insects Stone",461,"NC-17","18","18","36.81"
"Dolls Rage",240,"PG-13","8","8","27.92"
"Forever Candidate",328,"NC-17","12","12","40.88"
"Rear Trading",717,"NC-17","15","15","27.85"
"Loathing Legally",525,"R","26","26","62.74"
"Odds Boogie",634,"NC-17","13","13","19.87"
"Pacific Amistad",650,"G","19","19","43.81"
"Punk Divorce",703,"PG","7","7","41.93"
"Destiny Saturday",226,"G","15","15","91.85"
"Darko Dorado",210,"NC-17","10","10","72.90"
"Backlash Undefeated",48,"PG-13","16","16","140.84"
"Steel Santa",843,"NC-17","22","22","136.78"
"Rage Games",710,"R","19","19","119.81"
"Ice Crossing",447,"R","22","22","90.78"
"Eyes Driving",298,"PG-13","16","16","68.84"
"Blindness Gun",81,"PG-13","13","13","71.87"
"Sinners Atlantis",800,"PG-13","19","19","60.81"
"Dalmations Sweden",204,"PG","18","18","54.82"
"African Egg",5,"G","11","11","47.89"
"Inch Jet",456,"NC-17","18","18","95.82"
"Sierra Divide",796,"NC-17","15","15","57.85"
"Lose Inch",531,"R","26","26","77.74"
"Ending Crowds",283,"NC-17","10","10","17.90"
"Sleuth Orient",807,"NC-17","19","19","48.81"
"Madre Gables",546,"PG-13","13","13","47.87"
"Nightmare Chill",624,"PG","21","21","148.79"
"Extraordinary Conquerer",297,"G","6","6","22.94"
"Pluto Oleander",686,"R","13","13","73.87"
"Pirates Roxanne",681,"PG","18","18","45.81"
"Gleaming Jawbreaker",361,"NC-17","27","27","125.72"
"Fantasy Troopers",303,"PG-13","21","21","35.79"
"Wild Apollo",974,"R","6","6","15.94"
"Spinal Rocky",829,"PG-13","13","13","39.87"
"Shawshank Bubble",785,"PG","19","19","109.81"
"Italian African",472,"G","6","6","38.94"
"Orient Closer",643,"R","17","17","80.83"
"Hustler Party",444,"NC-17","22","22","190.78"
"Lover Truman",537,"G","9","9","54.91"
"Disciple Mother",233,"PG","18","18","39.82"
"Brannigan Sunrise",93,"PG","9","9","56.91"
"Borrowers Bedazzled",89,"G","20","20","25.80"
"Graduate Lord",373,"G","13","13","42.87"
"Dream Pickup",252,"PG","20","20","73.80"
"Full Flatliners",343,"PG","5","5","16.95"
"Apache Divine",31,"NC-17","28","28","160.72"
"Reign Gentlemen",723,"PG-13","19","19","105.81"
"Terminator Club",884,"R","6","6","39.94"
"Cleopatra Devil",155,"PG-13","16","16","27.85"
"Reef Salute",722,"NC-17","11","11","23.89"
"Wait Cider",953,"PG-13","18","18","73.82"
"Muscle Bright",609,"G","27","27","86.73"
"Highball Potter",416,"R","19","19","27.81"
"Cupboard Sinners",199,"R","22","22","103.78"
"Goodfellas Salute",369,"PG","25","25","164.75"
"Hunter Alter",441,"PG-13","5","5","24.95"
"Doors President",243,"NC-17","18","18","118.82"
"Trading Pinocchio",902,"PG","23","23","133.77"
"Rollercoaster Bringing",740,"PG-13","9","9","39.91"
"Titanic Boondock",892,"R","22","22","149.78"
"Streetcar Intentions",856,"R","23","23","137.77"
"Diary Panic",230,"G","8","8","24.92"
"Kramer Chocolate",503,"R","9","9","47.91"
"Blackout Private",78,"PG","23","23","78.77"
"Microcosmos Paradise",573,"PG-13","12","12","43.88"
"Wyoming Storm",994,"PG-13","11","11","61.89"
"Words Hunter",987,"PG","14","14","73.86"
"Dragon Squad",250,"NC-17","11","11","27.89"
"Strangelove Desire",852,"NC-17","22","22","79.78"
"Musketeers Wait",611,"PG","15","15","82.85"
"Network Peak",621,"PG-13","27","27","116.73"
"Sunrise League",865,"PG-13","22","22","155.78"
"Bulworth Commandments",106,"G","7","7","32.93"
"Wasteland Divine",962,"PG","12","12","40.88"
"Connection Microcosmos",178,"G","5","5","8.95"
"Siege Madre",795,"R","14","14","16.86"
"Slipper Fidelity",809,"PG-13","14","14","24.86"
"Mob Duffel",585,"G","10","10","27.90"
"Airport Pollock",8,"R","15","15","86.85"
"Vanilla Day",934,"NC-17","9","9","52.91"
"Trap Guys",908,"G","15","15","119.85"
"Impossible Prejudice",455,"NC-17","14","14","74.86"
"Quills Bull",708,"R","13","13","77.87"
"Gorgeous Bingo",370,"R","17","17","94.83"
"Pizza Jumanji",684,"NC-17","6","6","25.94"
"Idaho Love",448,"PG-13","15","15","68.85"
"Hanging Deep",396,"G","15","15","92.85"
"Vacation Boondock",930,"R","19","19","89.81"
"Chainsaw Uptown",132,"PG","19","19","31.81"
"Lebowski Soldiers",514,"PG-13","18","18","62.82"
"Flatliners Killer",322,"G","19","19","74.81"
"Strangers Graffiti",854,"R","14","14","104.86"
"Gunfighter Mussolini",389,"PG-13","11","11","64.89"
"Turn Star",916,"G","12","12","56.88"
"Sun Confessions",863,"R","23","23","50.77"
"Camelot Vacation",114,"NC-17","24","24","93.76"
"Beast Hunchback",60,"R","10","10","69.90"
"Rushmore Mermaid",754,"PG-13","6","6","18.94"
"Eve Resurrection",289,"G","7","7","40.93"
"Liaisons Sweet",518,"PG","21","21","126.79"
"Behavior Runaway",65,"PG","11","11","87.89"
"Mission Zoolander",583,"PG-13","16","16","110.84"
"Potter Connecticut",693,"PG","15","15","62.85"
"Bright Encounters",98,"PG-13","12","12","87.88"
"Roots Remember",744,"PG-13","14","14","37.86"
"Range Moonwalker",715,"PG","23","23","158.77"
"Jumanji Blade",490,"G","8","8","30.92"
"Lola Agent",527,"PG","23","23","154.77"
"Divide Monster",235,"PG-13","20","20","61.80"
"North Tequila",627,"NC-17","9","9","51.91"
"Satisfaction Confidential",763,"G","16","16","122.84"
"Caper Motions",119,"G","23","23","37.77"
"Feathers Metal",306,"PG-13","9","9","31.91"
"Enough Raging",286,"NC-17","16","16","51.84"
"Grapes Fury",376,"G","22","22","56.77"
"Chocolat Harry",147,"NC-17","19","19","49.81"
"Jeepers Wedding",480,"R","13","13","70.87"
"Frisco Forrest",338,"PG","9","9","53.91"
"Gilmore Boiled",358,"R","24","24","52.76"
"Heavyweights Beast",412,"G","22","22","123.78"
"Working Microcosmos",989,"R","22","22","144.78"
"Annie Identity",26,"G","19","19","50.81"
"Massage Image",564,"PG","11","11","56.89"
"Bill Others",72,"PG","18","18","63.82"
"Love Suicides",535,"R","15","15","22.85"
"Birds Perdition",77,"G","17","17","102.83"
"Dirty Ace",232,"NC-17","13","13","47.87"
"Requiem Tycoon",725,"R","18","18","105.82"
"Center Dinosaur",131,"PG","21","21","121.79"
"Fever Empire",310,"R","5","5","33.95"
"Arizona Bang",37,"PG","21","21","104.79"
"Splash Gump",832,"PG","14","14","33.86"
"Translation Summer",907,"PG-13","13","13","25.87"
"Mixed Doors",584,"PG-13","4","4","15.96"
"Rouge Squad",746,"NC-17","16","16","51.84"
"Gentlemen Stage",353,"NC-17","20","20","70.80"
"Sleepy Japanese",806,"PG","18","18","76.83"
"Vertigo Northwest",939,"R","8","8","37.92"
"Spoilers Hellfighters",834,"G","9","9","18.91"
"Spirited Casualties",831,"PG-13","10","10","18.90"
"Smoochy Control",813,"R","12","12","14.88"
"Midnight Westward",574,"G","16","16","38.84"
"Destination Jerk",225,"PG-13","8","8","31.92"
"Freaky Pocus",333,"R","14","14","43.86"
"Attraction Newton",45,"PG-13","22","22","133.78"
"Confidential Interview",174,"NC-17","24","24","136.76"
"Champion Flatliners",134,"PG","10","10","62.90"
"Timberland Sky",891,"G","26","26","102.74"
"Twisted Pirates",918,"PG","11","11","66.89"
"Willow Tracy",975,"R","15","15","52.85"
"Stone Fire",848,"G","10","10","32.90"
"Hook Chariots",430,"G","13","13","17.87"
"Bubble Grosse",102,"R","6","6","35.94"
"Clones Pinocchio",158,"R","17","17","59.83"
"Lost Bird",533,"PG-13","10","10","50.90"
"Truman Crazy",915,"G","20","20","104.80"
"Informer Double",459,"NC-17","5","5","27.95"
"Dangerous Uptown",207,"PG","12","12","66.88"
"Casablanca Super",123,"G","16","16","82.84"
"Witches Panic",979,"NC-17","25","25","146.75"
"Sweden Shining",871,"PG","16","16","101.83"
"Temple Attraction",881,"PG","10","10","57.90"
"Groundhog Uncut",385,"PG-13","14","14","78.86"
"Jungle Closer",492,"NC-17","12","12","23.88"
"Madison Trap",544,"R","13","13","64.87"
"Gold River",365,"R","14","14","94.86"
"Pure Runner",704,"NC-17","15","15","89.85"
"Clockwork Paradise",157,"PG-13","10","10","11.90"
"Mummy Creatures",606,"NC-17","15","15","55.85"
"Ferris Mother",308,"PG","15","15","70.85"
"Necklace Outbreak",618,"PG","14","14","36.86"
"Telemark Heartbreakers",880,"PG-13","24","24","88.76"
"Fidelity Devil",313,"G","18","18","117.82"
"Cheaper Clyde",140,"G","17","17","30.83"
"Dozen Lion",248,"NC-17","6","6","31.94"
"Charade Duffel",137,"PG","13","13","66.87"
"Dares Pluto",208,"PG-13","8","8","26.92"
"Analyze Hoosiers",24,"R","14","14","55.86"
"Hall Cassidy",392,"NC-17","16","16","98.84"
"Name Detective",614,"PG-13","22","22","131.78"
"Crooked Frogmen",191,"PG-13","21","21","38.79"
"Wedding Apollo",966,"PG","21","21","71.79"
"Samurai Lion",760,"G","24","24","101.76"
"Braveheart Human",94,"PG-13","5","5","16.95"
"Deceiver Betrayed",218,"NC-17","20","20","24.80"
"Badman Dawn",49,"R","21","21","76.79"
"Mine Titans",580,"PG-13","17","17","138.83"
"Trojan Tomorrow",912,"PG","17","17","75.82"
"Sting Personal",846,"NC-17","20","20","149.80"
"Velvet Terminator",938,"R","23","23","152.77"
"Core Suit",184,"PG-13","16","16","92.84"
"Rush Goodfellas",753,"PG","28","28","81.72"
"Jawbreaker Brooklyn",477,"PG","9","9","10.91"
"Maguire Apache",550,"NC-17","9","9","33.91"
"Hamlet Wisdom",394,"R","12","12","39.88"
"Edge Kissing",272,"NC-17","13","13","79.87"
"Seven Swarm",781,"R","5","5","30.95"
"Creepers Kane",190,"NC-17","13","13","77.87"
"Super Wyoming",867,"PG","12","12","78.88"
"Submarine Bed",858,"R","13","13","78.87"
"Malkovich Pet",554,"G","23","23","75.77"
"Holocaust Highball",424,"R","16","16","23.84"
"Haunting Pianist",406,"R","20","20","47.80"
"Pelican Comforts",670,"PG","23","23","165.77"
"Feud Frogmen",309,"R","20","20","31.80"
"Storm Happiness",849,"NC-17","26","26","42.74"
"Language Cowboy",509,"NC-17","10","10","18.90"
"Tycoon Gathering",919,"G","12","12","103.88"
"Clerks Angels",156,"G","6","6","45.94"
"Valley Packer",932,"G","12","12","49.88"
"Orange Grapes",641,"PG-13","22","22","61.78"
"Japanese Run",475,"G","6","6","7.94"
"Wash Heavenly",961,"R","20","20","104.80"
"Thin Sagebrush",888,"PG-13","11","11","73.89"
"Encounters Curtain",282,"NC-17","18","18","38.82"
"Earring Instinct",269,"R","17","17","60.83"
"River Outlaw",733,"PG-13","19","19","56.82"
"Duffel Apocalypse",261,"G","6","6","5.94"
"Knock Warlock",502,"PG-13","21","21","99.79"
"Candles Grapes",117,"NC-17","20","20","111.80"
"Cassidy Wyoming",125,"NC-17","6","6","23.94"
"Army Flintstones",40,"R","14","14","36.86"
"Drumline Cyclone",257,"G","10","10","36.90"
"Prix Undefeated",700,"R","10","10","37.90"
"Atlantis Cause",43,"G","21","21","75.79"
"Mod Secretary",587,"NC-17","9","9","48.91"
"Cranes Reservoir",187,"NC-17","9","9","33.91"
"Gangs Pride",349,"PG-13","22","22","95.78"
"Trouble Date",914,"PG","20","20","70.81"
"Savannah Town",766,"PG-13","10","10","22.90"
"Reunion Witches",728,"R","18","18","50.82"
"Lady Stage",506,"PG","16","16","113.84"
"Doom Dancing",242,"R","17","17","58.83"
"Forward Temple",331,"NC-17","26","26","102.74"
"Troopers Metal",913,"R","14","14","46.86"
"Mother Oleander",599,"R","13","13","63.87"
"Pianist Outfield",677,"NC-17","21","21","38.78"
"Antitrust Tomatoes",29,"NC-17","7","7","27.93"
"Affair Prejudice",4,"G","21","21","83.79"
"Princess Giant",698,"NC-17","24","24","121.77"
"Breaking Home",96,"PG-13","10","10","41.90"
"Intolerable Intentions",466,"PG-13","7","7","39.93"
"Cyclone Family",201,"PG","14","14","43.87"
"Steers Armageddon",844,"PG","15","15","85.85"
"Wizard Coldblooded",980,"PG","15","15","90.85"
"Novocaine Flight",631,"G","18","18","49.82"
"Bunch Minds",107,"G","5","5","25.95"
"Agent Truman",6,"PG","19","19","111.81"
"Hysterical Grail",446,"PG","15","15","87.85"
"Boogie Amelie",86,"R","25","25","140.74"
"Rules Human",749,"R","13","13","78.87"
"Unbreakable Karate",920,"G","19","19","76.81"
"Deep Crusade",219,"PG-13","13","13","75.87"
"Go Purple",363,"R","17","17","43.83"
"Dinosaur Secretary",231,"R","19","19","67.81"
"Beneath Rush",66,"NC-17","10","10","16.90"
"Past Suicides",661,"PG-13","12","12","66.88"
"League Hellfighters",512,"PG-13","17","17","105.83"
"Frontier Cabin",340,"PG-13","6","6","35.94"
"Sweethearts Suspects",873,"G","27","27","93.73"
"Lights Deer",523,"R","7","7","7.93"
"Giant Troopers",356,"R","26","26","100.74"
"Hellfighters Sierra",414,"PG","19","19","92.81"
"Indian Love",458,"NC-17","15","15","46.85"
"Opus Ice",640,"R","10","10","60.90"
"Gone Trouble",368,"R","8","8","29.92"
"Robbers Joon",735,"PG-13","26","26","85.74"
"Loverboy Attacks",538,"PG-13","11","11","16.89"
"Color Philadelphia",166,"G","22","22","87.78"
"Moon Bunch",595,"PG","26","26","35.74"
"Chicken Hellfighters",142,"PG","19","19","58.81"
"Unforgiven Zoolander",924,"PG","16","16","22.84"
"Heaven Freedom",410,"PG","15","15","49.85"
"Sweet Brotherhood",872,"R","11","11","58.89"
"Shrek License",792,"PG-13","12","12","37.88"
"Tootsie Pilot",896,"PG","12","12","28.88"
"Packer Madigan",651,"PG-13","20","20","58.80"
"Grinch Massage",381,"R","14","14","76.86"
"Moonwalker Fool",597,"G","11","11","75.89"
"Crossroads Casualties",193,"G","20","20","74.80"
"Magnificent Chitty",548,"R","8","8","54.92"
"Ridgemont Submarine",730,"PG-13","28","28","110.72"
"Baby Hall",47,"NC-17","7","7","40.93"
"Racer Egg",709,"NC-17","17","17","54.83"
"Connecticut Tramp",177,"R","11","11","75.89"
"Theory Mermaid",886,"PG-13","11","11","30.88"
"Resurrection Silverado",727,"PG","19","19","24.81"
"Wonderland Christmas",985,"PG","21","21","142.79"
"Slums Duck",810,"PG","22","22","48.78"
"Sense Greek",779,"R","7","7","47.93"
"Cabin Flash",110,"NC-17","14","14","39.86"
"Chisum Behavior",145,"G","10","10","50.90"
"Valentine Vanishing",931,"PG-13","10","10","12.90"
"Manchurian Curtain",557,"PG","14","14","59.86"
"Rebel Airport",718,"G","7","7","6.93"
"Jersey Sassy",485,"PG","6","6","39.94"
"Newton Labyrinth",623,"PG","16","16","46.84"
"Devil Desire",229,"R","14","14","78.86"
"Married Go",559,"G","26","26","84.74"
"Fargo Gandhi",304,"G","21","21","94.79"
"Ship Wonderland",788,"R","14","14","44.86"
"Ballroom Mockingbird",52,"G","7","7","9.93"
"October Submarine",633,"PG-13","10","10","57.90"
"Frost Head",341,"PG","28","28","74.72"
"Idols Snatchers",450,"NC-17","24","24","88.76"
"Town Ark",900,"R","13","13","46.87"
"Haunted Antitrust",405,"NC-17","6","6","31.94"
"Command Darling",170,"PG-13","16","16","107.84"
"Young Language",996,"G","7","7","6.93"
"Sassy Packer",762,"G","12","12","14.88"
"Leathernecks Dwarfs",513,"PG-13","6","6","21.94"
"Brotherhood Blanket",101,"R","23","23","98.77"
"Jacket Frisco",473,"PG-13","16","16","71.84"
"Beverly Outlaw",69,"R","21","21","115.79"
"Teen Apollo",878,"G","14","14","109.86"
"Pilot Hoosiers",679,"PG","14","14","51.86"
"Grail Frankenstein",375,"NC-17","8","8","40.92"
"Won Dares",983,"PG","9","9","28.91"
"High Encino",415,"R","21","21","117.79"
"Rider Caddyshack",729,"PG","11","11","48.89"
"Wind Phantom",976,"R","21","21","33.79"
"Head Stranger",408,"R","21","21","142.79"
"Pinocchio Simon",680,"PG","18","18","119.82"
"Shakespeare Saddle",782,"PG-13","20","20","76.80"
"Pollock Deliverance",689,"PG","17","17","66.82"
"Women Dorado",982,"R","20","20","38.81"
"Life Twisted",522,"NC-17","8","8","37.92"
"Pet Haunting",674,"PG","8","8","26.92"
"Notting Speakeasy",630,"PG-13","9","9","12.91"
"Alamo Videotape",11,"G","22","22","30.78"
"Midsummer Groundhog",575,"G","18","18","129.82"
"Sorority Queen",821,"NC-17","12","12","19.88"
"Harold French",401,"NC-17","7","7","8.93"
"Park Citizen",659,"PG-13","6","6","48.94"
"Rocky War",739,"PG-13","13","13","88.87"
"Elizabeth Shane",279,"NC-17","7","7","36.93"
"Alabama Devil",9,"PG-13","12","12","71.88"
"Traffic Hobbit",903,"G","5","5","24.95"
"Reap Unfaithful",716,"PG-13","16","16","62.84"
"Roman Punk",741,"NC-17","21","21","25.79"
"Madigan Dorado",543,"R","8","8","48.92"
"Torque Bound",897,"G","23","23","169.76"
"Robbery Bright",736,"R","12","12","32.88"
"Matrix Snowman",565,"PG-13","8","8","40.92"
"Maude Mod",566,"R","7","7","10.93"
"Independence Hotel",457,"NC-17","18","18","34.82"
"Bonnie Holocaust",85,"G","15","15","31.85"
"Monster Spartacus",592,"PG","14","14","48.86"
"Encino Elf",281,"G","19","19","27.81"
"Pocus Pulp",687,"NC-17","25","25","40.75"
"Maker Gables",553,"PG-13","10","10","32.90"
"Fantasia Park",302,"G","19","19","73.81"
"American Circus",21,"R","19","19","146.81"
"Escape Metropolis",288,"R","23","23","74.77"
"Newsies Story",622,"G","7","7","22.93"
"Uprising Uptown",927,"NC-17","13","13","45.87"
"Searchers Wait",774,"NC-17","14","14","75.86"
"Hanover Galaxy",398,"NC-17","14","14","81.86"
"Oklahoma Jumanji",635,"PG","6","6","5.94"
"Gunfight Moon",388,"NC-17","21","21","46.79"
"Coldblooded Darling",165,"G","16","16","89.84"
"Barefoot Manchurian",56,"G","17","17","59.83"
"Cincinatti Whisperer",151,"NC-17","11","11","71.89"
"Sons Interview",820,"NC-17","14","14","75.85"
"Nemo Campus",620,"NC-17","14","14","59.86"
"Wrath Mile",992,"NC-17","13","13","22.87"
"Tomatoes Hellfighters",894,"PG","14","14","19.86"
"Double Wrath",245,"R","21","21","56.79"
"Dances None",205,"NC-17","13","13","28.87"
"Berets Agent",67,"PG-13","19","19","72.80"
"Personal Ladybugs",673,"PG-13","13","13","43.87"
"Tomorrow Hustler",895,"R","24","24","101.76"
"Shane Darkness",783,"PG","13","13","52.87"
"Jerk Paycheck",484,"NC-17","19","19","104.81"
"Freddy Storm",334,"NC-17","21","21","115.79"
"Mannequin Worst",558,"PG-13","5","5","23.95"
"Lucky Flying",540,"PG-13","10","10","32.90"
"Comancheros Enemy",168,"R","6","6","9.94"
"Mosquito Armageddon",598,"G","11","11","16.89"
"Island Exorcist",471,"NC-17","23","23","76.77"
"Entrapment Satisfaction",287,"R","13","13","42.87"
"Intentions Empire",464,"PG-13","17","17","78.83"
"Coma Head",167,"NC-17","23","23","122.77"
"Elephant Trojan",277,"PG-13","10","10","64.90"
"Everyone Craft",290,"PG","11","11","22.89"
"Falcon Volume",300,"PG-13","18","18","106.81"
"Paths Control",662,"PG","10","10","81.90"
"Enemy Odds",284,"NC-17","25","25","159.75"
"Fugitive Maguire",342,"R","11","11","56.89"
"Goldmine Tycoon",367,"R","24","24","43.76"
"Model Fish",588,"NC-17","13","13","76.87"
"Hunchback Impossible",439,"PG-13","17","17","115.83"
"Dancing Fever",206,"G","24","24","49.76"
"Autumn Crow",46,"G","10","10","74.90"
"Mockingbird Hollywood",586,"PG","22","22","53.78"
"Apocalypse Flamingos",32,"R","5","5","24.95"
"Bang Kwai",53,"NC-17","7","7","22.93"
"Metropolis Coma",572,"PG-13","24","24","116.76"
"French Holiday",336,"PG","16","16","94.84"
"Egypt Tenenbaums",275,"PG","16","16","66.84"
"Downhill Enough",247,"G","21","21","72.79"
"Dude Blindness",260,"G","13","13","90.87"
"Hollywood Anonymous",423,"PG","13","13","13.87"
"Chaplin License",136,"NC-17","8","8","23.92"
"Chasing Fight",139,"PG","19","19","105.82"
"Heavenly Gun",411,"NC-17","6","6","32.94"
"Suspects Quills",869,"PG","27","27","118.73"
"Sundance Invasion",864,"NC-17","18","18","36.82"
"Holy Tadpole",425,"R","8","8","17.92"
"Perfect Groove",672,"PG-13","16","16","53.84"
"Speakeasy Date",825,"PG-13","11","11","41.89"
"Fire Wolves",316,"R","7","7","39.93"
"Right Cranes",731,"PG-13","10","10","52.90"
"Harry Idaho",403,"PG-13","27","27","177.73"
"Drop Waterfront",256,"R","8","8","43.92"
"Panky Submarine",654,"G","12","12","86.88"
"Northwest Polish",628,"PG","18","18","77.82"
"Texas Watch",885,"NC-17","6","6","5.94"
"Hollow Jeopardy",422,"NC-17","8","8","39.92"
"Magnolia Forrester",549,"PG-13","11","11","34.89"
"Cowboy Doom",185,"PG","7","7","28.93"
"Panic Club",653,"G","7","7","51.93"
"Dawn Pond",215,"PG","17","17","120.83"
"Greek Everyone",380,"PG","17","17","55.83"
"Celebrity Horn",130,"PG-13","21","21","28.79"
"Anaconda Confessions",23,"R","18","18","51.82"
"Mussolini Spoilers",612,"G","5","5","15.95"
"Jet Neighbors",486,"R","17","17","92.83"
"None Spiking",625,"NC-17","25","25","79.75"
"Natural Stock",617,"PG-13","12","12","31.88"
"Saturn Name",765,"R","13","13","70.87"
"Majestic Floats",552,"PG","15","15","36.85"
"Thief Pelican",887,"PG-13","16","16","97.84"
"Warlock Werewolf",959,"G","6","6","21.94"
"Fight Jawbreaker",314,"R","20","20","53.80"
"Song Hedwig",819,"PG-13","10","10","31.90"
"Soldiers Evolution",817,"R","7","7","36.93"
"Home Pity",426,"R","12","12","66.88"
"Godfather Diary",364,"NC-17","8","8","37.92"
"Horn Working",433,"PG","23","23","109.77"
"Taxi Kick",877,"PG-13","17","17","34.83"
"Factory Dragon",299,"PG-13","15","15","30.85"
"Comforts Rush",169,"NC-17","15","15","69.85"
"Bowfinger Gables",92,"NC-17","11","11","56.89"
"Mulholland Beast",605,"PG","7","7","21.93"
"Gables Metropolis",345,"PG","17","17","47.83"
"Luke Mummy",541,"NC-17","7","7","28.93"
"Party Knock",660,"PG","12","12","41.88"
"Whale Bikini",971,"PG-13","15","15","113.85"
"Treatment Jekyll",910,"PG","6","6","6.94"
"House Dynamite",437,"R","20","20","65.80"
"Divine Resurrection",236,"R","15","15","64.85"
"Videotape Arsenic",941,"NC-17","24","24","148.76"
"War Notting",957,"G","12","12","65.88"
"Zhivago Core",998,"NC-17","7","7","10.93"
"Volcano Texas",949,"NC-17","19","19","32.81"
"Crusade Honey",197,"R","7","7","44.93"
"Chance Resurrection",135,"R","24","24","124.76"
"Zoolander Fiction",999,"R","15","15","66.85"
"Kane Exorcist",493,"R","12","12","13.88"
"Patton Interview",665,"PG","21","21","94.79"
"Quest Mussolini",707,"R","20","20","77.80"
"Impact Aladdin",454,"PG-13","8","8","18.92"
"Salute Apollo",759,"R","20","20","95.80"
"Jeopardy Encino",482,"R","10","10","28.90"
"Telegraph Voyage",879,"PG","25","25","215.75"
"Details Packer",227,"R","18","18","128.82"
"Kiss Glory",500,"PG-13","21","21","126.79"
"Fiction Christmas",311,"PG","19","19","58.81"
"Bingo Talented",73,"PG-13","25","25","119.75"
"Bucket Brotherhood",103,"PG","28","28","150.72"
"Talented Homicide",875,"PG","24","24","34.76"
"Carol Texas",121,"PG","17","17","79.83"
"Dogma Family",239,"G","28","28","168.72"
"Holes Brannigan",420,"PG","15","15","75.86"
"Mask Peach",561,"NC-17","14","14","49.86"
"Stepmom Dream",845,"NC-17","19","19","99.81"
"Sabrina Midnight",755,"PG","21","21","126.79"
"Cruelty Unforgiven",196,"G","6","6","6.94"
"Evolution Alter",291,"PG-13","12","12","26.88"
"Alien Center",15,"NC-17","20","20","84.80"
"Sugar Wonka",859,"PG","15","15","93.85"
"State Wasteland",842,"NC-17","12","12","55.89"
"Scalawag Duck",767,"NC-17","29","29","157.71"
"Beauty Grease",61,"G","21","21","125.79"
"Dorado Notting",244,"NC-17","22","22","140.78"
"Mourning Purple",602,"PG","19","19","39.81"
"Poseidon Forever",691,"PG-13","17","17","100.83"
"Invasion Cyclone",468,"PG","26","26","100.74"
"Primary Glass",697,"G","27","27","36.73"
"Reds Pocus",721,"PG-13","8","8","47.92"
"Dragonfly Strangers",251,"NC-17","14","14","80.86"
"Purple Movie",705,"R","12","12","52.88"
"Bugsy Song",104,"G","9","9","45.91"
"Wars Pluto",960,"G","10","10","42.90"
"Hanky October",397,"NC-17","23","23","104.77"
"Homeward Cider",427,"R","16","16","23.84"
"Mulan Moon",604,"G","11","11","30.89"
"Shepherd Midsummer",786,"R","23","23","28.77"
"Games Bowfinger",347,"PG-13","12","12","62.88"
"Conquerer Nuts",179,"G","13","13","84.87"
"Masked Bubble",562,"PG-13","19","19","24.81"
"Oleander Clue",636,"PG","9","9","24.91"
"Flash Wars",321,"NC-17","12","12","87.88"
"Bull Shawshank",105,"NC-17","16","16","21.84"
"Harper Dying",402,"G","20","20","77.80"
"Sleeping Suspects",804,"PG-13","22","22","121.78"
"Hyde Doctor",445,"G","23","23","95.76"
"Sunset Racer",866,"NC-17","7","7","11.93"
"Ties Hunger",889,"R","9","9","69.91"
"Worst Banger",991,"PG","15","15","66.85"
"Intrigue Worst",467,"G","19","19","36.81"
"Secret Groundhog",776,"PG","19","19","105.81"
"Fool Mockingbird",327,"PG","21","21","162.79"
"Drifter Commandments",253,"PG-13","22","22","131.78"
"Potluck Mixed",692,"G","10","10","43.90"
"Minority Kiss",581,"G","12","12","27.89"
"Butterfly Chocolat",109,"G","26","26","108.74"
"Chamber Italian",133,"NC-17","13","13","65.88"
"Remember Diary",724,"R","17","17","70.83"
"Graceland Dynamite",372,"R","6","6","37.94"
"Frogmen Breaking",339,"R","10","10","16.90"
"Motions Details",600,"PG","14","14","25.87"
"Sea Virgin",772,"PG","19","19","84.81"
"Freedom Cleopatra",335,"PG-13","5","5","5.95"
"Movie Shakespeare",603,"PG","23","23","125.78"
"Monsoon Cause",591,"PG","9","9","54.91"
"Sling Luke",808,"R","6","6","14.94"
"Groove Fiction",383,"NC-17","17","17","40.83"
"Family Sweet",301,"R","26","26","60.73"
"Airplane Sierra",7,"PG-13","15","15","82.85"
"Sagebrush Clueless",757,"G","14","14","83.86"
"Scorpion Apollo",771,"NC-17","21","21","158.79"
"Spice Sorority",827,"NC-17","19","19","106.81"
"Driver Annie",254,"PG-13","16","16","62.84"
"Grease Youth",377,"G","20","20","27.80"
"Wagon Jaws",952,"PG","9","9","33.91"
"Closer Bang",159,"R","24","24","152.76"
"Hope Tootsie",432,"NC-17","17","17","72.83"
"Wonka Sea",986,"NC-17","18","18","66.82"
"Strictly Scarface",857,"PG-13","23","23","113.77"
"Neighbors Charade",619,"R","17","17","62.83"
"Tights Dawn",890,"R","24","24","54.76"
"Amelie Hellfighters",20,"R","10","10","67.90"
"Fish Opus",319,"R","22","22","94.78"
"Academy Dinosaur",1,"PG","21","21","33.79"
"Birdcage Casper",76,"NC-17","9","9","23.91"
"Lesson Cleopatra",517,"NC-17","6","6","22.94"
"Cause Date",129,"R","19","19","114.81"
"Daisy Menagerie",203,"G","14","14","85.86"
"Shock Cabin",789,"PG-13","29","29","96.71"
"Galaxy Sweethearts",346,"R","16","16","105.84"
"Bilko Anonymous",71,"PG-13","12","12","94.88"
"Eagles Panky",267,"NC-17","19","19","134.81"
"Betrayed Rear",68,"NC-17","13","13","79.87"
"Seabiscuit Punk",773,"NC-17","24","24","86.76"
"Chitty Lock",146,"G","8","8","28.92"
"Blanket Beverly",80,"G","10","10","33.90"
"Suit Walls",861,"R","19","19","134.81"
"Lawrence Love",511,"NC-17","13","13","15.87"
"Clueless Bucket",162,"R","23","23","105.77"
"Rocketeer Mother",738,"PG-13","28","28","97.72"
"Silence Kane",797,"R","15","15","15.85"
"Miracle Virtual",582,"PG-13","8","8","41.92"
"Forrester Comancheros",330,"NC-17","26","26","141.74"
"Divorce Shining",237,"G","5","5","21.95"
"Runaway Tenenbaums",751,"NC-17","7","7","11.93"
"Dumbo Lust",262,"NC-17","6","6","13.94"
"Igby Maker",451,"NC-17","17","17","89.83"
"Flight Lies",323,"R","12","12","68.88"
"Gandhi Kwai",348,"PG-13","13","13","16.87"
"Frida Slipper",337,"R","11","11","40.90"
"Kwai Homeward",504,"PG-13","20","20","42.80"
"Doctor Grail",238,"G","5","5","23.95"
"Happiness United",399,"G","6","6","22.94"
"Calendar Gunfight",112,"NC-17","18","18","123.82"
"Mars Roman",560,"NC-17","17","17","30.83"
"Magic Mallrats",547,"PG","7","7","17.93"
"Something Duck",818,"NC-17","18","18","120.82"
"Early Home",268,"NC-17","6","6","36.94"
"Mystic Truman",613,"NC-17","8","8","17.92"
"Rock Instinct",737,"G","17","17","48.83"
"Menagerie Rushmore",569,"G","6","6","18.94"
"Casper Dragonfly",124,"PG-13","7","7","45.93"
"Nash Chocolat",615,"PG-13","13","13","58.87"
"Illusion Amelie",452,"R","13","13","34.87"
"Silverado Goldfinger",798,"PG","12","12","91.88"
"Spirit Flintstones",830,"R","14","14","14.86"
"Curtain Videotape",200,"PG-13","24","24","34.77"
"Worker Tarzan",988,"R","14","14","47.86"
"Waterfront Deliverance",964,"G","16","16","116.84"
"Moulin Wake",601,"PG-13","16","16","51.84"
"Money Harold",590,"PG","20","20","111.80"
"Blood Argonauts",82,"G","7","7","30.93"
"World Leathernecks",990,"PG-13","8","8","24.92"
"Daddy Pittsburgh",202,"G","11","11","63.89"
"Platoon Instinct",685,"PG-13","8","8","40.92"
"Trainspotting Strangers",905,"PG-13","9","9","46.91"
"Wife Turn",973,"NC-17","27","27","198.73"
"Music Boondock",610,"R","17","17","20.83"
"Blade Polish",79,"PG-13","20","20","29.81"
"Pickup Driving",678,"G","15","15","93.85"
"Smoking Barbarella",812,"PG-13","17","17","17.84"
"Minds Truman",579,"PG-13","19","19","144.81"
"Lawless Vision",510,"G","15","15","76.86"
"Alone Trip",17,"R","17","17","61.83"
"Darn Forrester",212,"G","17","17","87.83"
"Anthem Luke",28,"PG-13","11","11","63.89"
"Redemption Comforts",720,"NC-17","20","20","113.80"
"Tuxedo Mile",917,"R","13","13","76.87"
"Youth Kick",997,"NC-17","6","6","16.94"
"Juggler Hardly",489,"PG-13","29","29","86.71"
"Legally Secretary",515,"PG","8","8","39.92"
"Zorro Ark",1000,"NC-17","28","28","199.72"
"National Story",616,"NC-17","17","17","76.83"
"Blues Instinct",83,"G","18","18","75.82"
"Queen Luke",706,"PG","21","21","128.79"
"Bedazzled Married",63,"PG","12","12","14.88"
"Legend Jedi",516,"PG","8","8","12.92"
"Metal Armageddon",571,"PG-13","21","21","88.79"
"Day Unfaithful",216,"G","12","12","93.88"
"Lust Lock",542,"G","15","15","74.82"
"Wanda Chamber",956,"PG-13","14","14","76.86"
"Paycheck Wait",666,"PG-13","16","16","101.84"
"Handicap Boondock",395,"R","24","24","50.76"
"Tenenbaums Command",882,"PG-13","12","12","19.88"
"Wardrobe Phantom",958,"G","23","23","80.77"
"Expendable Stallion",295,"PG","26","26","94.74"
"Date Speed",213,"R","12","12","41.88"
"Prejudice Oleander",694,"PG-13","19","19","110.81"
"Egg Igby",274,"PG","19","19","98.81"
"Clyde Theory",163,"PG-13","8","8","23.92"
"Desire Alien",223,"NC-17","8","8","25.92"
"Splendor Patton",833,"R","21","21","40.79"
"Gathering Calendar",352,"PG-13","10","10","19.90"
"Glory Tracy",362,"PG-13","5","5","14.95"
"Runner Madigan",752,"NC-17","8","8","14.92"
"Polish Brooklyn",688,"PG","15","15","18.85"
"Montezuma Command",594,"NC-17","9","9","11.91"
"Innocent Usual",460,"PG-13","26","26","191.74"
"King Evolution",499,"NC-17","8","8","59.92"
"Dying Maker",265,"PG","15","15","83.85"
"Caddyshack Jedi",111,"NC-17","14","14","46.86"
"Straight Hours",851,"R","19","19","55.81"
"Werewolf Lola",968,"G","12","12","68.88"
"Alley Evolution",16,"NC-17","13","13","46.87"
"Bed Highball",62,"NC-17","6","6","24.94"
"Titans Jerk",893,"PG","27","27","186.73"
"Flying Hook",326,"NC-17","19","19","77.81"
"Wrong Behavior",993,"PG-13","20","20","62.80"
"Memento Zoolander",568,"NC-17","13","13","88.87"
"Gosford Donnie",371,"G","8","8","48.92"
"Sleepless Monsoon",805,"G","17","17","103.83"
"Panther Reds",655,"NC-17","14","14","83.86"
"Hedwig Alter",413,"NC-17","10","10","31.90"
"Oz Liaisons",649,"R","22","22","87.78"
"Conversation Downhill",183,"R","17","17","114.83"
"Brooklyn Desert",100,"R","19","19","106.81"
"United Pilot",925,"R","15","15","43.85"
"Cider Desire",150,"PG","17","17","56.83"
"Papi Necklace",656,"PG","7","7","27.93"
"Holiday Games",421,"PG-13","15","15","82.85"
"Honey Ties",429,"R","16","16","59.84"
"Angels Life",25,"G","20","20","103.80"
"Spy Mile",835,"PG-13","27","27","94.73"
"Chicago North",141,"PG-13","15","15","84.85"
"Carrie Bunch",122,"PG","23","23","34.77"
"Outlaw Hanky",648,"PG-13","14","14","73.86"
"Mermaid Insects",570,"NC-17","15","15","94.85"
"Unfaithful Kill",923,"R","8","8","26.92"
"Horror Reign",434,"R","25","25","77.75"
"Yentl Idaho",995,"R","21","21","122.79"
"Darling Breaking",211,"PG-13","8","8","44.92"
"Tracy Cider",901,"G","24","24","78.76"
"Lord Arizona",530,"PG-13","10","10","39.90"
"Lovely Jingle",536,"PG","13","13","62.87"
"Uptown Young",928,"PG","10","10","29.90"
"Interview Liaisons",465,"R","18","18","110.82"
"Identity Lover",449,"PG-13","12","12","56.88"
"License Weekend",520,"NC-17","6","6","17.94"
"Beethoven Exorcist",64,"PG-13","11","11","16.89"
"Barbarella Streetcar",55,"G","22","22","84.78"
"Shootist Superfly",790,"PG-13","23","23","36.77"
"Spiking Element",828,"G","12","12","38.88"
